Item name,SKU,Kategori,Barang yang terjual,Total penjualan,Barang yang dikembalikan,Jumlah pengembalian uang,Jumlah diskon,Total pendapatan,Cost of goods,Gross profit,Margin,Jumlah pajak
(Crew)Nasi + 2 Chiken Skin + Topping Manis + 1 Cup Es Teh,10200690,MAKAN CREW,1.000,10000.00,0.000,0.00,10000.00,0.00,4382.00,-4382.00,0.00%,0.00
(Crew)Nasi + Telur + Tempe Crispy + Topping Goang + 1 Cup Es Teh,10200490,MAKAN CREW,6.000,60000.00,0.000,0.00,60000.00,0.00,27078.00,-27078.00,0.00%,0.00
(Driver)Paket Ayam Crispy + Lalab + Es Teh Online,10711093,GO FOOD,9.000,142000.00,0.000,0.00,11763.00,130237.00,67554.00,62683.00,48.13%,0.00
(Driver)Paket Crispy Es Teh Manis + Lalab,10711094,GRABFOOD,1.000,16000.00,0.000,0.00,3080.00,12920.00,7506.00,5414.00,41.90%,0.00
(Makan Driver) Paket Ayam Crispy + Nasi + Es Teh Manis,10711090,DINE IN,5.000,75000.00,1.000,15000.00,0.00,60000.00,25536.00,34464.00,57.44%,0.00
3 Ayam Crisbar + 3 Nasi + 3 Es Teh,10311190,DINE IN,1.000,58000.00,0.000,0.00,0.00,58000.00,18609.00,39391.00,67.92%,0.00
3 Kol Crispy,70000100,DINE IN,4.000,8000.00,0.000,0.00,3765.00,4235.00,2156.00,2079.00,49.09%,0.00
3 Kol Crispy Online,70000104,GRABFOOD,17.000,51000.00,0.000,0.00,5396.00,45604.00,9163.00,36441.00,79.91%,0.00
3 Kol Crispy Online,70000103,GO FOOD,27.000,81000.00,0.000,0.00,3276.00,77724.00,14553.00,63171.00,81.28%,0.00
3 Kol Crispy Take Away,70000102,TAKE AWAY,2.000,4000.00,0.000,0.00,0.00,4000.00,1078.00,2922.00,73.05%,0.00
4 Ayam Crisbar Original/Geprek Ala Carte,10310103,GO FOOD,1.000,74500.00,0.000,0.00,14341.00,60159.00,23113.00,37046.00,61.58%,0.00
4 Ayam Crisbar Original/Geprek Ala Carte,10310104,GRABFOOD,2.000,150000.00,0.000,0.00,28875.00,121125.00,46226.00,74899.00,61.84%,0.00
4 Ayam Crisbar Original/Geprek Ala Carte,10310102,TAKE AWAY,2.000,111950.00,0.000,0.00,0.00,111950.00,46226.00,65724.00,58.71%,0.00
4 Ayam Crispy Original/Geprek Ala Carte,10310003,GO FOOD,3.000,172000.00,0.000,0.00,4884.00,167116.00,64446.00,102670.00,61.44%,0.00
4 Ayam Crispy Original/Geprek Ala Carte,10310004,GRABFOOD,5.000,284000.00,0.000,0.00,39549.00,244451.00,107410.00,137041.00,56.06%,0.00
4 Ayam Crispy Original/Geprek Ala Carte,10310002,TAKE AWAY,2.000,91950.00,0.000,0.00,0.00,91950.00,42964.00,48986.00,53.27%,0.00
Ayam Crisbar,10011100,DINE IN,5.000,80000.00,0.000,0.00,0.00,80000.00,22950.00,57050.00,71.31%,0.00
Ayam Crisbar Matah Takeaway,10910702,TAKE AWAY,1.000,19500.00,0.000,0.00,0.00,19500.00,0.00,19500.00,100.00%,0.00
Ayam Crisbar Online,10011103,GO FOOD,36.000,712500.00,0.000,0.00,42494.00,670006.00,224892.00,445114.00,66.43%,0.00
Ayam Crisbar Online,10011104,GRABFOOD,44.000,877000.00,0.000,0.00,121179.00,755821.00,274868.00,480953.00,63.63%,0.00
Ayam Crisbar Take Away,10011102,TAKE AWAY,26.000,429000.00,0.000,0.00,15000.00,414000.00,116246.00,297754.00,71.92%,0.00
Ayam Crispy,10010000,DINE IN,16.000,208000.00,0.000,0.00,155000.00,53000.00,66016.00,-13016.00,-24.56%,0.00
Ayam Crispy Geprek,10011000,DINE IN,6.000,78000.00,0.000,0.00,20000.00,58000.00,24756.00,33244.00,57.32%,0.00
Ayam Crispy Geprek Online,10011003,GO FOOD,7.000,108000.00,0.000,0.00,3917.00,104083.00,40481.00,63602.00,61.11%,0.00
Ayam Crispy Geprek Online,10011004,GRABFOOD,15.000,229000.00,0.000,0.00,25249.00,203751.00,86745.00,117006.00,57.43%,0.00
Ayam Crispy Geprek Take Away,10011002,TAKE AWAY,24.000,324000.00,0.000,0.00,0.00,324000.00,96168.00,227832.00,70.32%,0.00
Ayam Crispy Online,10010003,GO FOOD,2.000,32000.00,0.000,0.00,0.00,32000.00,11566.00,20434.00,63.86%,0.00
Ayam Crispy Online,10010004,GRABFOOD,1.000,15000.00,0.000,0.00,2888.00,12112.00,5783.00,6329.00,52.25%,0.00
Ayam Crispy Take Away,10010002,TAKE AWAY,8.000,108000.00,0.000,0.00,0.00,108000.00,32056.00,75944.00,70.32%,0.00
Ayam Goang,10011700,DINE IN,3.000,45000.00,0.000,0.00,30000.00,15000.00,12978.00,2022.00,13.48%,0.00
Ayam Goang Online,10011704,GRABFOOD,1.000,19000.00,0.000,0.00,3657.00,15343.00,5983.00,9360.00,61.01%,0.00
Ayam Goang Online,10011703,GO FOOD,6.000,111000.00,0.000,0.00,2261.00,108739.00,35898.00,72841.00,66.99%,0.00
Ayam Goang Take Away,10011702,TAKE AWAY,3.000,46500.00,0.000,0.00,0.00,46500.00,12621.00,33879.00,72.86%,0.00
Ayam Keju Online,10011503,GO FOOD,4.000,67000.00,0.000,0.00,2743.00,64257.00,26612.00,37645.00,58.59%,0.00
Ayam Keju Online,10011504,GRABFOOD,6.000,99000.00,0.000,0.00,13493.00,85507.00,39918.00,45589.00,53.32%,0.00
Ayam Keju Take Away,10011502,TAKE AWAY,4.000,58000.00,0.000,0.00,0.00,58000.00,19508.00,38492.00,66.37%,0.00
Ayam Mamah,10011300,DINE IN,1.000,15000.00,0.000,0.00,0.00,15000.00,5303.00,9697.00,64.65%,0.00
Ayam Mamah Online,10011304,GRABFOOD,3.000,57000.00,0.000,0.00,7316.00,49684.00,20880.00,28804.00,57.97%,0.00
Ayam Mamah Online,10011303,GO FOOD,5.000,95500.00,0.000,0.00,2865.00,92635.00,34800.00,57835.00,62.43%,0.00
Ayam Mamah Take Away,10011302,TAKE AWAY,2.000,31000.00,0.000,0.00,0.00,31000.00,10370.00,20630.00,66.55%,0.00
Ayam Manis Online,10011604,GRABFOOD,9.000,146000.00,0.000,0.00,21652.00,124348.00,53262.00,71086.00,57.17%,0.00
Ayam Manis Online,10011603,GO FOOD,10.000,168000.00,0.000,0.00,2949.00,165051.00,59180.00,105871.00,64.14%,0.00
Ayam Manis Take Away,10011602,TAKE AWAY,4.000,58000.00,0.000,0.00,0.00,58000.00,16568.00,41432.00,71.43%,0.00
Ayam Matah,10011200,DINE IN,2.000,30000.00,0.000,0.00,15000.00,15000.00,9436.00,5564.00,37.09%,0.00
Ayam Matah Online,10011204,GRABFOOD,11.000,209000.00,0.000,0.00,25806.00,183194.00,70125.00,113069.00,61.72%,0.00
Ayam Matah Online,10011203,GO FOOD,11.000,206000.00,0.000,0.00,3337.00,202663.00,70125.00,132538.00,65.40%,0.00
Ayam Matah Take Away,10011202,TAKE AWAY,5.000,77500.00,0.000,0.00,0.00,77500.00,22995.00,54505.00,70.33%,0.00
Ayam Tomat Online,10011404,GRABFOOD,7.000,131000.00,0.000,0.00,19542.00,111458.00,44576.00,66882.00,60.01%,0.00
Ayam Tomat Online,10011403,GO FOOD,1.000,19000.00,0.000,0.00,3336.00,15664.00,6368.00,9296.00,59.35%,0.00
Ayam Tomat Take Away,10011402,TAKE AWAY,3.000,46500.00,0.000,0.00,0.00,46500.00,13776.00,32724.00,70.37%,0.00
Chiken Skin,70000050,DINE IN,16.000,64000.00,0.000,0.00,0.00,64000.00,15952.00,48048.00,75.08%,0.00
Chiken Skin Crispy Online,70000053,GO FOOD,28.000,112000.00,0.000,0.00,8368.00,103632.00,27916.00,75716.00,73.06%,0.00
Chiken Skin Crispy Online,70000054,GRABFOOD,26.000,104000.00,0.000,0.00,14723.00,89277.00,25922.00,63355.00,70.96%,0.00
Chiken Skin Crispy Take Away,70000052,TAKE AWAY,18.000,72000.00,0.000,0.00,0.00,72000.00,17946.00,54054.00,75.08%,0.00
Crisbar + Es Teh + 1 Porsi Kol Crispy,10611493,GO FOOD,4.000,120500.00,0.000,0.00,0.00,120500.00,32196.00,88304.00,73.28%,0.00
Crisbar + Es Teh + 1 Porsi Kol Crispy,10611494,GRABFOOD,4.000,120000.00,0.000,0.00,17325.00,102675.00,32196.00,70479.00,68.64%,0.00
Crisbar + Es Teh + Gratis 2 Kulit,10611194,GRABFOOD,3.000,99000.00,0.000,0.00,12328.00,86672.00,26901.00,59771.00,68.96%,0.00
Crisbar + Es Teh + Gratis 2 Kulit,10611193,GO FOOD,15.000,493000.00,0.000,0.00,12708.00,480292.00,134505.00,345787.00,72.00%,0.00
Crisbar + Es Teh + Gratis 2 Kulit,10611190,DINE IN,25.000,564500.00,2.000,45000.00,0.00,519500.00,206241.00,313259.00,60.30%,0.00
Crisbar + Es Teh + Gratis 2 Kulit Take Away,10611192,TAKE AWAY,4.000,93000.00,0.000,0.00,0.00,93000.00,35868.00,57132.00,61.43%,0.00
Crisbar + Es Teh + Gratis Tahu dan Tempe,10611294,GRABFOOD,4.000,123000.00,0.000,0.00,24019.00,98981.00,37636.00,61345.00,61.98%,0.00
Crisbar + Es Teh + Gratis Tahu dan Tempe,10611290,DINE IN,2.000,46000.00,0.000,0.00,0.00,46000.00,18818.00,27182.00,59.09%,0.00
Crisbar + Es Teh + Gratis Tahu Tempe,10611293,GO FOOD,19.000,587000.00,1.000,31000.00,25680.00,530320.00,169362.00,360958.00,68.06%,0.00
Crisbar + Lemontea/Lemonade + Gratis Tahu dan Tempe,10611263,GO FOOD,4.000,128000.00,0.000,0.00,5620.00,122380.00,41316.00,81064.00,66.24%,0.00
Crisbar + LemoTea/Lemonade + 1 Porsi Kol Crispy,10611463,GO FOOD,1.000,31000.00,0.000,0.00,0.00,31000.00,8970.00,22030.00,71.06%,0.00
Crisbar + LemoTea/Lemonade + Gratis 2 Kulit,10611163,GO FOOD,4.000,134000.00,0.000,0.00,10287.00,123713.00,39548.00,84165.00,68.03%,0.00
Crisbar + Milo + Gratis 2 Kulit,10611173,GO FOOD,4.000,144000.00,0.000,0.00,7200.00,136800.00,39548.00,97252.00,71.09%,0.00
Crisbar + Milo + Gratis Tahu dan Tempe,10611274,GRABFOOD,1.000,34000.00,0.000,0.00,0.00,34000.00,11906.00,22094.00,64.98%,0.00
Crisbar + Orange + Gratis Tahu dan Tempe,10611283,GO FOOD,4.000,128000.00,0.000,0.00,16605.00,111395.00,39600.00,71795.00,64.45%,0.00
Crispy + Es Teh + Gratis 2 Kulit,10611094,GRABFOOD,1.000,29000.00,0.000,0.00,0.00,29000.00,8503.00,20497.00,70.68%,0.00
Crispy + Es Teh + Gratis 2 Kulit,10611093,GO FOOD,11.000,316500.00,0.000,0.00,6219.00,310281.00,93533.00,216748.00,69.86%,0.00
Crispy + Es Teh + Gratis 2 Kulit Take Away,10611092,TAKE AWAY,1.000,20000.00,0.000,0.00,0.00,20000.00,8503.00,11497.00,57.49%,0.00
Crispy + LemonTea/Lemonade + Gratis 2 Kulit,10611064,GRABFOOD,1.000,29000.00,0.000,0.00,4340.00,24660.00,9308.00,15352.00,62.25%,0.00
Crispy + LemonTea/Lemonade + Gratis 2 Kulit,10611063,GO FOOD,2.000,60000.00,0.000,0.00,7200.00,52800.00,18846.00,33954.00,64.31%,0.00
Crispy + Orange + Gratis 2 Kulit,10611083,GO FOOD,1.000,30000.00,0.000,0.00,0.00,30000.00,8995.00,21005.00,70.02%,0.00
Es Teh Manis,80000090,DINE IN,1.000,5000.00,0.000,0.00,0.00,5000.00,571.00,4429.00,88.58%,0.00
Es Teh Manis Online,80000093,GO FOOD,5.000,35000.00,0.000,0.00,0.00,35000.00,3170.00,31830.00,90.94%,0.00
Es Teh Manis Online,80000094,GRABFOOD,2.000,14000.00,0.000,0.00,1154.00,12846.00,1268.00,11578.00,90.13%,0.00
Es Teh Manis Take Away,80000092,TAKE AWAY,1.000,5000.00,0.000,0.00,0.00,5000.00,634.00,4366.00,87.32%,0.00
Kerupuk,70000080,DINE IN,2.000,2000.00,0.000,0.00,0.00,2000.00,1000.00,1000.00,50.00%,0.00
Kerupuk Online,70000084,GRABFOOD,3.000,6000.00,0.000,0.00,770.00,5230.00,1500.00,3730.00,71.32%,0.00
Kerupuk Online,70000083,GO FOOD,9.000,18000.00,0.000,0.00,2488.00,15512.00,4500.00,11012.00,70.99%,0.00
Lemon Tea,80000060,DINE IN,1.000,5000.00,0.000,0.00,4412.00,588.00,1968.00,-1380.00,-234.69%,0.00
Lemon Tea Online,80000064,GRABFOOD,3.000,21000.00,0.000,0.00,1262.00,19738.00,4662.00,15076.00,76.38%,0.00
Lemon Tea Online,80000063,GO FOOD,2.000,14000.00,0.000,0.00,375.00,13625.00,3108.00,10517.00,77.19%,0.00
Lemonade Online,80000054,GRABFOOD,1.000,7000.00,0.000,0.00,1510.00,5490.00,1439.00,4051.00,73.79%,0.00
Milo,80000070,DINE IN,1.000,7000.00,0.000,0.00,0.00,7000.00,2926.00,4074.00,58.20%,0.00
Milo Online,80000073,GO FOOD,4.000,40000.00,0.000,0.00,800.00,39200.00,12524.00,26676.00,68.05%,0.00
Milo Online,80000074,GRABFOOD,5.000,50000.00,0.000,0.00,10088.00,39912.00,15655.00,24257.00,60.78%,0.00
Nasi,70000000,DINE IN,1.000,4000.00,0.000,0.00,3529.00,471.00,1687.00,-1216.00,-258.17%,0.00
Nasi Ayam Crisbar,10111104,GRABFOOD,52.000,1187000.00,0.000,0.00,162523.00,1024477.00,381472.00,643005.00,62.76%,0.00
Nasi Ayam Crisbar,10111103,GO FOOD,14.000,321000.00,0.000,0.00,25042.00,295958.00,102704.00,193254.00,65.30%,0.00
Nasi Ayam Crispy,10111004,GRABFOOD,13.000,249500.00,0.000,0.00,32857.00,216643.00,89336.00,127307.00,58.76%,0.00
Nasi Ayam Crispy,10111003,GO FOOD,13.000,251500.00,0.000,0.00,14704.00,236796.00,89336.00,147460.00,62.27%,0.00
Nasi Ayam Goang,10111704,GRABFOOD,1.000,22000.00,0.000,0.00,4235.00,17765.00,7072.00,10693.00,60.19%,0.00
Nasi Ayam Goang,10111703,GO FOOD,10.000,220000.00,0.000,0.00,15000.00,205000.00,70720.00,134280.00,65.50%,0.00
Nasi Ayam Keju,10111504,GRABFOOD,4.000,84000.00,0.000,0.00,12659.00,71341.00,30968.00,40373.00,56.59%,0.00
Nasi Ayam Keju,10111503,GO FOOD,7.000,147000.00,0.000,0.00,6998.00,140002.00,54194.00,85808.00,61.29%,0.00
Nasi Ayam Mamah,10111304,GRABFOOD,2.000,44000.00,0.000,0.00,8470.00,35530.00,16098.00,19432.00,54.69%,0.00
Nasi Ayam Mamah,10111303,GO FOOD,2.000,44000.00,0.000,0.00,2084.00,41916.00,16098.00,25818.00,61.59%,0.00
Nasi Ayam Manis,10111604,GRABFOOD,8.000,166000.00,0.000,0.00,23871.00,142129.00,56056.00,86073.00,60.56%,0.00
Nasi Ayam Manis,10111603,GO FOOD,19.000,393000.00,0.000,0.00,26946.00,366054.00,133133.00,232921.00,63.63%,0.00
Nasi Ayam Matah,10111204,GRABFOOD,11.000,243000.00,0.000,0.00,34073.00,208927.00,82104.00,126823.00,60.70%,0.00
Nasi Ayam Matah,10111203,GO FOOD,17.000,373000.00,0.000,0.00,24467.00,348533.00,126888.00,221645.00,63.59%,0.00
Nasi Ayam Tomat,10111404,GRABFOOD,7.000,154000.00,1.000,22000.00,12705.00,119295.00,44742.00,74553.00,62.49%,0.00
Nasi Ayam Tomat,10111403,GO FOOD,3.000,66000.00,0.000,0.00,0.00,66000.00,22371.00,43629.00,66.10%,0.00
Nasi Online,70000003,GO FOOD,11.000,55000.00,0.000,0.00,3554.00,51446.00,11979.00,39467.00,76.72%,0.00
Nasi Online,70000004,GRABFOOD,13.000,65000.00,0.000,0.00,6664.00,58336.00,14157.00,44179.00,75.73%,0.00
Orange Online,80000083,GO FOOD,6.000,42000.00,0.000,0.00,1120.00,40880.00,6756.00,34124.00,83.47%,0.00
Orange Online,80000084,GRABFOOD,7.000,49000.00,0.000,0.00,8078.00,40922.00,7882.00,33040.00,80.74%,0.00
Orange Take Away,80000082,TAKE AWAY,1.000,5000.00,0.000,0.00,0.00,5000.00,1126.00,3874.00,77.48%,0.00
P.Crisbar+P.Keju+2 Es Teh+Gratis 2 Tempe 4 Kulit,10611394,GRABFOOD,2.000,121000.00,0.000,0.00,22000.00,99000.00,34470.00,64530.00,65.18%,0.00
P.Crisbar+P.Keju+2 Es Teh+Gratis 2 Tempe 4 Kulit Chiken Skin,10611393,GO FOOD,1.000,59000.00,0.000,0.00,7200.00,51800.00,26583.00,25217.00,48.68%,0.00
P.Crisbar+P.Keju+2 Milo+Gratis 2 Tempe 2 Kulit,10611374,GRABFOOD,2.000,131000.00,0.000,0.00,12513.00,118487.00,37138.00,81349.00,68.66%,0.00
P.Crisbar+P.Keju+2 Orange+Gratis 2 Tempe 4 Kulit,10611383,GO FOOD,1.000,62000.00,0.000,0.00,7200.00,54800.00,19552.00,35248.00,64.32%,0.00
Paket 4 Chiken Skin + Es Teh,10200190,DINE IN,1.000,14000.00,0.000,0.00,0.00,14000.00,3374.00,10626.00,75.90%,0.00
Paket 4 Chiken Skin + Es Teh Online,10200193,GO FOOD,1.000,18500.00,0.000,0.00,0.00,18500.00,4496.00,14004.00,75.70%,0.00
Paket Ayam Crisbar Es Teh,10111190,DINE IN,59.000,1182000.00,0.000,0.00,40000.00,1142000.00,404032.00,737968.00,64.62%,0.00
Paket Ayam Crisbar Es Teh Online,10111193,GO FOOD,15.000,403000.00,0.000,0.00,14274.00,388726.00,119550.00,269176.00,69.25%,0.00
Paket Ayam Crisbar Es Teh Online,10111194,GRABFOOD,16.000,431000.00,0.000,0.00,60156.00,370844.00,127520.00,243324.00,65.61%,0.00
Paket Ayam Crisbar Es Teh Take Away,10111192,TAKE AWAY,37.000,758500.00,0.000,0.00,0.00,758500.00,229178.00,529322.00,69.79%,0.00
Paket Ayam Crisbar Lemon Tea/Lemonade Online,10111163,GO FOOD,3.000,84000.00,0.000,0.00,0.00,84000.00,26670.00,57330.00,68.25%,0.00
Paket Ayam Crisbar Lemontea/Lemonade,10111160,DINE IN,1.000,21000.00,0.000,0.00,0.00,21000.00,7392.00,13608.00,64.80%,0.00
Paket Ayam Crisbar LemonTea/Lemonade Online,10111164,GRABFOOD,4.000,112000.00,0.000,0.00,10780.00,101220.00,35560.00,65660.00,64.87%,0.00
Paket Ayam Crisbar Lemontea/Lemonade Take Away,10111162,TAKE AWAY,1.000,21500.00,0.000,0.00,0.00,21500.00,8775.00,12725.00,59.19%,0.00
Paket Ayam Crisbar Matah Es Teh,10910790,DINE IN,5.000,115000.00,0.000,0.00,0.00,115000.00,0.00,115000.00,100.00%,0.00
Paket Ayam Crisbar Matah Orange,10910780,DINE IN,1.000,24000.00,0.000,0.00,0.00,24000.00,0.00,24000.00,100.00%,0.00
Paket Ayam Crisbar Milo Online,10111173,GO FOOD,1.000,30000.00,0.000,0.00,0.00,30000.00,10467.00,19533.00,65.11%,0.00
Paket Ayam Crisbar Milo Online,10111174,GRABFOOD,6.000,177000.00,0.000,0.00,28297.00,148703.00,62802.00,85901.00,57.77%,0.00
Paket Ayam Crisbar Orange,10111180,DINE IN,1.000,21000.00,0.000,0.00,0.00,21000.00,7769.00,13231.00,63.00%,0.00
Paket Ayam Crisbar Orange Online,10111183,GO FOOD,1.000,28000.00,0.000,0.00,2444.00,25556.00,8462.00,17094.00,66.89%,0.00
Paket Ayam Crisbar Orange Online,10111184,GRABFOOD,2.000,56000.00,0.000,0.00,0.00,56000.00,16924.00,39076.00,69.78%,0.00
Paket Ayam Crisbar Orange Take Away,10111182,TAKE AWAY,1.000,21500.00,0.000,0.00,0.00,21500.00,6686.00,14814.00,68.90%,0.00
Paket Ayam Crispy Es Teh Online,10111094,GRABFOOD,11.000,244500.00,0.000,0.00,26079.00,218421.00,82566.00,135855.00,62.20%,0.00
Paket Ayam Crispy Es Teh Take Away,10110092,TAKE AWAY,9.000,157500.00,0.000,0.00,17500.00,140000.00,48771.00,91229.00,65.16%,0.00
Paket Ayam Crispy Milo Online,10111074,GRABFOOD,1.000,25500.00,0.000,0.00,4909.00,20591.00,10003.00,10588.00,51.42%,0.00
Paket Ayam Geprek Crispy Es Teh,10111090,DINE IN,38.000,647000.00,0.000,0.00,0.00,647000.00,242592.00,404408.00,62.51%,0.00
Paket Ayam Geprek Crispy Es Teh Online,10111093,GO FOOD,18.000,401500.00,0.000,0.00,35845.00,365655.00,135108.00,230547.00,63.05%,0.00
Paket Ayam Geprek Crispy Es Teh Take Away,10111092,TAKE AWAY,8.000,140000.00,0.000,0.00,0.00,140000.00,45840.00,94160.00,67.26%,0.00
Paket Ayam Geprek Crispy Lemon Tea/Lemonade Online,10111063,GO FOOD,1.000,23500.00,0.000,0.00,3525.00,19975.00,8426.00,11549.00,57.82%,0.00
Paket Ayam Geprek Crispy Lemontea/Lemonade,10111060,DINE IN,2.000,36000.00,0.000,0.00,0.00,36000.00,15324.00,20676.00,57.43%,0.00
Paket Ayam Goang Es Teh,10111790,DINE IN,13.000,247000.00,0.000,0.00,0.00,247000.00,85592.00,161408.00,65.35%,0.00
Paket Ayam Goang Es Teh Online,10111793,GO FOOD,16.000,382500.00,0.000,0.00,16721.00,365779.00,123296.00,242483.00,66.29%,0.00
Paket Ayam Goang Es Teh Online,10111794,GRABFOOD,2.000,49000.00,0.000,0.00,4716.00,44284.00,15412.00,28872.00,65.20%,0.00
Paket Ayam Goang Es Teh Take Away,10111792,TAKE AWAY,5.000,97500.00,0.000,0.00,0.00,97500.00,29650.00,67850.00,69.59%,0.00
Paket Ayam Goang LemonTea/Lemonade Online,10111764,GRABFOOD,2.000,51500.00,0.000,0.00,9914.00,41586.00,17252.00,24334.00,58.51%,0.00
Paket Ayam Goang Milo Online,10111773,GO FOOD,2.000,55500.00,0.000,0.00,0.00,55500.00,20406.00,35094.00,63.23%,0.00
Paket Ayam Goang Orange Online,10111784,GRABFOOD,1.000,25500.00,0.000,0.00,4909.00,20591.00,8198.00,12393.00,60.19%,0.00
Paket Ayam Keju Es Teh,10111590,DINE IN,11.000,198000.00,0.000,0.00,0.00,198000.00,79794.00,118206.00,59.70%,0.00
Paket Ayam Keju Es Teh online,10111593,GO FOOD,3.000,70500.00,0.000,0.00,10950.00,59550.00,25128.00,34422.00,57.80%,0.00
Paket Ayam Keju Es Teh Online,10111594,GRABFOOD,5.000,117500.00,0.000,0.00,13572.00,103928.00,41880.00,62048.00,59.70%,0.00
Paket Ayam Keju Es Teh Take Away,10111592,TAKE AWAY,13.000,240500.00,0.000,0.00,0.00,240500.00,85800.00,154700.00,64.32%,0.00
Paket Ayam Keju Lemon Tea/Lemonade Online,10111563,GO FOOD,1.000,24500.00,0.000,0.00,3835.00,20665.00,9296.00,11369.00,55.02%,0.00
Paket Ayam Keju Orange Online,10111583,GO FOOD,4.000,97000.00,0.000,0.00,2943.00,94057.00,35472.00,58585.00,62.29%,0.00
Paket Ayam Mamah Es Teh,10111390,DINE IN,14.000,266000.00,0.000,0.00,0.00,266000.00,105868.00,160132.00,60.20%,0.00
Paket Ayam Mamah Es Teh Online,10111393,GO FOOD,6.000,146000.00,0.000,0.00,0.00,146000.00,52098.00,93902.00,64.32%,0.00
Paket Ayam Mamah Es Teh Online,10111394,GRABFOOD,2.000,49000.00,0.000,0.00,9432.00,39568.00,17366.00,22202.00,56.11%,0.00
Paket Ayam Mamah Es Teh Take Away,10111392,TAKE AWAY,3.000,58500.00,0.000,0.00,0.00,58500.00,20724.00,37776.00,64.57%,0.00
Paket Ayam Mamah Lemon Tea/Lemonade Online,10111364,GRABFOOD,4.000,102000.00,0.000,0.00,20972.00,81028.00,38416.00,42612.00,52.59%,0.00
Paket Ayam Mamah Lemon Tea/Lemonade Online,10111363,GO FOOD,1.000,25500.00,0.000,0.00,0.00,25500.00,9604.00,15896.00,62.34%,0.00
Paket Ayam Mamah Lemontea/Lemonade Take Away,10111362,TAKE AWAY,1.000,20500.00,0.000,0.00,0.00,20500.00,9488.00,11012.00,53.72%,0.00
Paket Ayam Mamah Milo Online,10111373,GO FOOD,1.000,27500.00,0.000,0.00,4168.00,23332.00,11180.00,12152.00,52.08%,0.00
Paket Ayam Mamah Orange Online,10111384,GRABFOOD,1.000,25500.00,0.000,0.00,0.00,25500.00,9175.00,16325.00,64.02%,0.00
Paket Ayam Manis Es Teh,10111690,DINE IN,24.000,432000.00,0.000,0.00,18000.00,414000.00,156456.00,257544.00,62.21%,0.00
Paket Ayam Manis Es Teh Online,10111693,GO FOOD,9.000,211500.00,0.000,0.00,18482.00,193018.00,68769.00,124249.00,64.37%,0.00
Paket Ayam Manis Es Teh Online,10111694,GRABFOOD,7.000,162500.00,0.000,0.00,13379.00,149121.00,53487.00,95634.00,64.13%,0.00
Paket Ayam Manis Es Teh Take Away,10111692,TAKE AWAY,11.000,203500.00,0.000,0.00,0.00,203500.00,64515.00,138985.00,68.30%,0.00
Paket Ayam Manis Lemon Tea/Lemonade Online,10111663,GO FOOD,3.000,74000.00,0.000,0.00,8445.00,65555.00,25683.00,39872.00,60.82%,0.00
Paket Ayam Manis Lemontea/Lemonade,10111660,DINE IN,2.000,38000.00,0.000,0.00,0.00,38000.00,15594.00,22406.00,58.96%,0.00
Paket Ayam Manis Milo Online,10111673,GO FOOD,2.000,52000.00,0.000,0.00,0.00,52000.00,20276.00,31724.00,61.01%,0.00
Paket Ayam Manis Orange,10111680,DINE IN,1.000,19000.00,0.000,0.00,0.00,19000.00,7440.00,11560.00,60.84%,0.00
Paket Ayam Manis Orange Online,10111684,GRABFOOD,2.000,49000.00,0.000,0.00,4716.00,44284.00,16266.00,28018.00,63.27%,0.00
Paket Ayam Matah Es Teh,10111290,DINE IN,25.000,477000.00,0.000,0.00,0.00,477000.00,174400.00,302600.00,63.44%,0.00
Paket Ayam Matah Es Teh Online,10111293,GO FOOD,11.000,268000.00,0.000,0.00,13954.00,254046.00,89078.00,164968.00,64.94%,0.00
Paket Ayam Matah Es Teh Online,10111294,GRABFOOD,18.000,437000.00,0.000,0.00,45065.00,391935.00,145764.00,246171.00,62.81%,0.00
Paket Ayam Matah Es Teh Take Away,10111292,TAKE AWAY,19.000,370500.00,0.000,0.00,0.00,370500.00,120118.00,250382.00,67.58%,0.00
Paket Ayam Matah Lemon Tea/Lemonade Online,10111264,GRABFOOD,3.000,76500.00,0.000,0.00,14727.00,61773.00,27054.00,34719.00,56.20%,0.00
Paket Ayam Matah Lemon Tea/Lemonade Online,10111263,GO FOOD,1.000,25500.00,0.000,0.00,2416.00,23084.00,9018.00,14066.00,60.93%,0.00
Paket Ayam Matah Lemontea/Lemonade,10111260,DINE IN,1.000,21000.00,0.000,0.00,0.00,21000.00,8254.00,12746.00,60.70%,0.00
Paket Ayam Matah Milo,10111270,DINE IN,1.000,23000.00,0.000,0.00,0.00,23000.00,9902.00,13098.00,56.95%,0.00
Paket Ayam Matah Milo Online,10111273,GO FOOD,1.000,27500.00,0.000,0.00,0.00,27500.00,10595.00,16905.00,61.47%,0.00
Paket Ayam Matah Orange,10111280,DINE IN,2.000,40000.00,0.000,0.00,0.00,40000.00,15794.00,24206.00,60.52%,0.00
Paket Ayam Matah Orange Online,10111284,GRABFOOD,2.000,50000.00,0.000,0.00,9626.00,40374.00,17180.00,23194.00,57.45%,0.00
Paket Ayam Matah Orange Online,10111283,GO FOOD,1.000,24500.00,0.000,0.00,2063.00,22437.00,8590.00,13847.00,61.72%,0.00
Paket Ayam Tomat Es Teh,10111490,DINE IN,9.000,171000.00,0.000,0.00,0.00,171000.00,62721.00,108279.00,63.32%,0.00
Paket Ayam Tomat Es Teh Online,10111493,GO FOOD,4.000,98000.00,0.000,0.00,12495.00,85505.00,32364.00,53141.00,62.15%,0.00
Paket Ayam Tomat Es Teh Take Away,10111492,TAKE AWAY,7.000,136500.00,0.000,0.00,0.00,136500.00,44212.00,92288.00,67.61%,0.00
Paket Ayam Tomat Lemontea/Lemonade,10111460,DINE IN,1.000,20000.00,0.000,0.00,0.00,20000.00,8247.00,11753.00,58.77%,0.00
Paket Ayam Tomat Milo Online,10111473,GO FOOD,2.000,55000.00,0.000,0.00,10183.00,44817.00,21176.00,23641.00,52.75%,0.00
Paket Ayam Tomat Orange Online,10111484,GRABFOOD,1.000,24500.00,0.000,0.00,4716.00,19784.00,8583.00,11201.00,56.62%,0.00
Paket Ayam Tomat Orange Online,10111483,GO FOOD,1.000,25500.00,0.000,0.00,4478.00,21022.00,8583.00,12439.00,59.17%,0.00
Paket Side Dish Milo Online,10200274,GRABFOOD,1.000,22500.00,0.000,0.00,4331.00,18169.00,9443.00,8726.00,48.03%,0.00
Promo Ayam Crisbar+Ayam Keju+2 Nasi+2 Es Teh+2 Tempe+4 Kulit,10910194,GRABFOOD,26.000,1534000.00,0.000,0.00,264907.00,1269093.00,616642.00,652451.00,51.41%,0.00
Promo Ayam Keju+Ayam Crispy+2 Nasi+2 Es Teh+2 Terong+4 Kulit,10910594,GRABFOOD,7.000,413000.00,0.000,0.00,76978.00,336022.00,163625.00,172397.00,51.31%,0.00
Promo Ayam Manis+Ayam Crispy+2 Nasi+2 Es Teh+2 Tahu+4 Kulit,10910694,GRABFOOD,12.000,708000.00,0.000,0.00,103527.00,604473.00,275280.00,329193.00,54.46%,0.00
Pudding Milo Dino,50000020,DINE IN,1.000,5000.00,0.000,0.00,963.00,4037.00,1497.00,2540.00,62.92%,0.00
Pudding Milo Dino,50000022,TAKE AWAY,3.000,15000.00,0.000,0.00,0.00,15000.00,4491.00,10509.00,70.06%,0.00
Pudding Milo Dino Online,50000023,GO FOOD,6.000,30000.00,0.000,0.00,1800.00,28200.00,8982.00,19218.00,68.15%,0.00
Pudding Milo Dino Online,50000024,GRABFOOD,1.000,5000.00,0.000,0.00,963.00,4037.00,1497.00,2540.00,62.92%,0.00
Raksasa Crisbar + Tahu + Tempe + Terong + Telur + Kulit + Es Teh,10211093,GO FOOD,3.000,116000.00,0.000,0.00,10511.00,105489.00,37242.00,68247.00,64.70%,0.00
Raksasa Crisbar + Tahu + Tempe + Terong + Telur + Kulit + Milo,10211073,GO FOOD,1.000,42000.00,0.000,0.00,7200.00,34800.00,14911.00,19889.00,57.15%,0.00
Raksasa Crisbar + Tahu + Tempe + Terong + Telur + Kulit+ Milo,10211074,GRABFOOD,3.000,125000.00,0.000,0.00,24063.00,100937.00,44733.00,56204.00,55.68%,0.00
Raksasa Crisbar + Tahu + Tempe + Terong+ Telur + Kulit+ Es Teh,10211094,GRABFOOD,9.000,350000.00,0.000,0.00,43868.00,306132.00,111726.00,194406.00,63.50%,0.00
Raksasa Crisbar + Tahu + Tempe + Terong+ Telur + Kulit+ Es Teh,10211090,DINE IN,1.000,30000.00,0.000,0.00,0.00,30000.00,12414.00,17586.00,58.62%,0.00
Raksasa Crisbar + Tahu + Tempe + Terong+ Telur + Kulit+ Lemon,10211064,GRABFOOD,7.000,280500.00,0.000,0.00,46296.00,234204.00,93345.00,140859.00,60.14%,0.00
Raksasa Crisbar + Tahu + Tempe + Terong+ Telur + Kulit+ Lemon,10211063,GO FOOD,1.000,40000.00,0.000,0.00,7200.00,32800.00,13335.00,19465.00,59.34%,0.00
Raksasa Crisbar + Tahu + Tempe + Terong+ Telur + Kulit+ Orange,10211084,GRABFOOD,3.000,120500.00,0.000,0.00,20673.00,99827.00,38718.00,61109.00,61.21%,0.00
Raksasa Crisbar + Tahu + Tempe + Terong+ Telur + Kulit+ Orange,10211083,GO FOOD,1.000,40000.00,0.000,0.00,0.00,40000.00,12414.00,27586.00,68.97%,0.00
Raksasa Crisbar Juara Es Teh,10910394,GRABFOOD,1.000,39000.00,0.000,0.00,6948.00,32052.00,12414.00,19638.00,61.27%,0.00
Raksasa Crisbar Juara Lemon,10910364,GRABFOOD,1.000,40000.00,0.000,0.00,7125.00,32875.00,13335.00,19540.00,59.44%,0.00
Raksasa Crisbar Juara Milo,10910374,GRABFOOD,1.000,42000.00,0.000,0.00,7482.00,34518.00,14911.00,19607.00,56.80%,0.00
Raksasa Crisbar+Tahu+Tempe+Terong+Telur+Kulit+Es Teh Take Away,10211092,TAKE AWAY,2.000,62000.00,0.000,0.00,0.00,62000.00,24828.00,37172.00,59.95%,0.00
Raksasa Crispy + Tahu + Tempe + Terong + Telur + Kulit + Es Teh,10211193,GO FOOD,1.000,35000.00,0.000,0.00,0.00,35000.00,11950.00,23050.00,65.86%,0.00
Raksasa Keju + Tahu + Tempe + Terong + Telur + Kulit + Milo,10211373,GO FOOD,1.000,39000.00,0.000,0.00,0.00,39000.00,15317.00,23683.00,60.73%,0.00
Raksasa Manis + Tahu + Tempe + Terong + Telur + Kulit + Es Teh,10211293,GO FOOD,1.000,35000.00,0.000,0.00,0.00,35000.00,12085.00,22915.00,65.47%,0.00
Raksasa Manis + Tahu + Tempe + Terong + Telur + Kulit+ Milo,10211274,GRABFOOD,1.000,38000.00,0.000,0.00,7315.00,30685.00,14582.00,16103.00,52.48%,0.00
Raksasa Manis + Tahu + Tempe + Terong + Telur + Kulit+ Orange,10211284,GRABFOOD,1.000,37500.00,0.000,0.00,7219.00,30281.00,12577.00,17704.00,58.47%,0.00
Tahu Crispy,70000020,DINE IN,23.000,46000.00,0.000,0.00,11530.00,34470.00,18998.00,15472.00,44.89%,0.00
Tahu Crispy Online,70000023,GO FOOD,22.000,66000.00,0.000,0.00,5227.00,60773.00,18172.00,42601.00,70.10%,0.00
Tahu Crispy Online,70000024,GRABFOOD,21.000,63000.00,0.000,0.00,7473.00,55527.00,17346.00,38181.00,68.76%,0.00
Tahu Crispy Take Away,70000022,TAKE AWAY,12.000,24000.00,0.000,0.00,0.00,24000.00,9912.00,14088.00,58.70%,0.00
Telur Sayur,70000040,DINE IN,7.000,28000.00,0.000,0.00,4000.00,24000.00,9331.00,14669.00,61.12%,0.00
Telur Sayur Online,70000043,GO FOOD,11.000,55000.00,0.000,0.00,5467.00,49533.00,14663.00,34870.00,70.40%,0.00
Telur Sayur Online,70000044,GRABFOOD,17.000,85000.00,0.000,0.00,9625.00,75375.00,22661.00,52714.00,69.94%,0.00
Telur Sayur Take Away,70000042,TAKE AWAY,2.000,8000.00,0.000,0.00,0.00,8000.00,2666.00,5334.00,66.67%,0.00
Tempe Crispy,70000010,DINE IN,19.000,38000.00,0.000,0.00,0.00,38000.00,11647.00,26353.00,69.35%,0.00
Tempe Crispy Online,70000013,GO FOOD,15.000,45000.00,0.000,0.00,3958.00,41042.00,9195.00,31847.00,77.60%,0.00
Tempe Crispy Online,70000014,GRABFOOD,19.000,57000.00,1.000,3000.00,6352.00,47648.00,11034.00,36614.00,76.84%,0.00
Tempe Crispy Take Away,70000012,TAKE AWAY,14.000,28000.00,0.000,0.00,0.00,28000.00,8582.00,19418.00,69.35%,0.00
Terong Crispy,70000030,DINE IN,16.000,32000.00,0.000,0.00,1764.00,30236.00,10816.00,19420.00,64.23%,0.00
Terong Crispy Online,70000033,GO FOOD,26.000,78000.00,0.000,0.00,5596.00,72404.00,17576.00,54828.00,75.73%,0.00
Terong Crispy Online,70000034,GRABFOOD,20.000,60000.00,0.000,0.00,7507.00,52493.00,13520.00,38973.00,74.24%,0.00
Terong Crispy Take Away,70000032,TAKE AWAY,11.000,22000.00,0.000,0.00,0.00,22000.00,7436.00,14564.00,66.20%,0.00
Topping Goang Online,90000704,GRABFOOD,5.000,17500.00,0.000,0.00,2927.00,14573.00,1000.00,13573.00,93.14%,0.00
Topping Goang Online,90000703,GO FOOD,11.000,38500.00,0.000,0.00,2935.00,35565.00,2200.00,33365.00,93.81%,0.00
Topping Goang Take Away,90000702,TAKE AWAY,1.000,3000.00,0.000,0.00,0.00,3000.00,0.00,3000.00,100.00%,0.00
Topping Keju,90000500,DINE IN,2.000,4000.00,0.000,0.00,0.00,4000.00,1740.00,2260.00,56.50%,0.00
Topping Keju Online,90000503,GO FOOD,7.000,17500.00,0.000,0.00,698.00,16802.00,6090.00,10712.00,63.75%,0.00
Topping Keju Online,90000504,GRABFOOD,7.000,17500.00,0.000,0.00,2369.00,15131.00,6090.00,9041.00,59.75%,0.00
Topping Mamah,90000300,DINE IN,1.000,3000.00,0.000,0.00,0.00,3000.00,1177.00,1823.00,60.77%,0.00
Topping Mamah Online,90000303,GO FOOD,3.000,10500.00,0.000,0.00,1338.00,9162.00,3531.00,5631.00,61.46%,0.00
Topping Mamah Online,90000304,GRABFOOD,7.000,24500.00,0.000,0.00,3369.00,21131.00,8239.00,12892.00,61.01%,0.00
Topping Mamah Take Away,90000302,TAKE AWAY,2.000,6000.00,0.000,0.00,0.00,6000.00,2354.00,3646.00,60.77%,0.00
Topping Manis Online,90000603,GO FOOD,3.000,7500.00,0.000,0.00,396.00,7104.00,405.00,6699.00,94.30%,0.00
Topping Manis Online,90000604,GRABFOOD,5.000,12500.00,0.000,0.00,963.00,11537.00,675.00,10862.00,94.15%,0.00
Topping Matah,90000200,DINE IN,2.000,6000.00,0.000,0.00,0.00,6000.00,1184.00,4816.00,80.27%,0.00
Topping Matah Online,90000203,GO FOOD,7.000,24500.00,0.000,0.00,1767.00,22733.00,4144.00,18589.00,81.77%,0.00
Topping Matah Online,90000204,GRABFOOD,11.000,38500.00,0.000,0.00,5305.00,33195.00,6512.00,26683.00,80.38%,0.00
Topping Matah Take Away,90000202,TAKE AWAY,4.000,12000.00,0.000,0.00,0.00,12000.00,2368.00,9632.00,80.27%,0.00
Topping Tomat,90000400,DINE IN,1.000,3000.00,0.000,0.00,0.00,3000.00,585.00,2415.00,80.50%,0.00
Topping Tomat Online,90000403,GO FOOD,3.000,10500.00,0.000,0.00,767.00,9733.00,1755.00,7978.00,81.97%,0.00
Topping Tomat Online,90000404,GRABFOOD,2.000,7000.00,0.000,0.00,1348.00,5652.00,1170.00,4482.00,79.30%,0.00